nflId,displayName,officialPosition,routes,mean_soe,median_soe,total_soe
43845,Stephen Anderson,TE,33,1.105,1.402,36.463
44912,Jonnu Smith,TE,88,1.097,0.495,96.569
30842,Marcedes Lewis,TE,50,1.077,-0.049,53.864
53591,Noah Gray,TE,28,1.062,0.071,29.744
45355,Anthony Firkser,TE,99,1.019,0.189,100.912
42302,Chris Manhertz,TE,33,0.983,-0.199,32.423
43324,Hunter Henry,TE,181,0.761,0.000,137.827
46176,Christopher Herndon,TE,25,0.689,-0.072,17.214
44857,Adam Shaheen,TE,62,0.671,0.707,41.605
44075,Garrett Griffin,TE,25,0.637,-0.133,15.937
42503,Jesse James,TE,31,0.596,0.068,18.470
47924,Zach Gentry,TE,25,0.587,-0.171,14.666
47879,Dawson Knox,TE,139,0.585,-0.035,81.338
40149,Ryan Griffin,TE,95,0.526,0.108,49.947
46189,Will Dissly,TE,86,0.498,0.170,42.865
44831,O.J. Howard,TE,73,0.487,0.071,35.555
42428,Tyler Kroft,TE,92,0.440,-0.148,40.521
37234,Lee Smith,TE,28,0.396,0.523,11.084
48456,Donald Parham,TE,69,0.371,-0.099,25.620
46331,Ross Dwelley,TE,50,0.366,-0.032,18.296
52513,Adam Trautman,TE,96,0.338,-0.085,32.466
42516,James O'Shaughnessy,TE,37,0.283,-0.262,10.457
45532,Blake Jarwin,TE,102,0.204,-0.310,20.819
47803,Noah Fant,TE,207,0.202,-0.177,41.731
46094,Hayden Hurst,TE,138,0.188,-0.237,25.969
53556,Kylen Granson,TE,29,0.186,-0.052,5.395
44856,Gerald Everett,TE,95,0.181,-0.318,17.200
53574,Luke Farrell,TE,43,0.179,-0.582,7.679
52942,Juwan Johnson,TE,50,0.178,-0.025,8.899
52451,Cole Kmet,TE,138,0.175,-0.313,24.125
44987,Eric Saubert,TE,44,0.174,-0.079,7.641
48011,Tommy Sweeney,TE,35,0.168,-0.183,5.896
46170,Ian Thomas,TE,110,0.167,-0.576,18.317
45339,Pharaoh Brown,TE,67,0.167,-0.764,11.169
47920,Foster Moreau,TE,81,0.156,-0.206,12.662
52526,Albert Okwuegbunam,TE,51,0.155,-0.289,7.927
46206,Dalton Schultz,TE,163,0.139,-0.278,22.730
47852,Josh Oliver,TE,50,0.122,-0.104,6.089
39907,Darren Fells,TE,50,0.077,-0.504,3.872
46192,Durham Smythe,TE,91,0.060,-0.075,5.498
35481,Rob Gronkowski,TE,80,0.043,-0.574,3.422
45481,Ricky Seals-Jones,TE,159,-0.002,-0.045,-0.341
44835,Evan Engram,TE,144,-0.031,-0.383,-4.419
44792,Mo Alie-Cox,TE,93,-0.033,-0.170,-3.063
45635,Robert Tonyan,TE,139,-0.058,-0.306,-8.015
46167,Jordan Akins,TE,123,-0.061,-0.455,-7.485
39983,Zach Ertz,TE,137,-0.064,-0.278,-8.722
42398,Maxx Williams,TE,64,-0.065,-0.385,-4.136
44841,David Njoku,TE,98,-0.071,-0.444,-6.957
45785,Dan Arnold,TE,137,-0.094,-0.428,-12.879
47835,Drew Sample,TE,40,-0.118,-0.375,-4.728
46155,Mark Andrews,TE,167,-0.138,-0.414,-23.056
46111,Mike Gesicki,TE,207,-0.152,-0.248,-31.388
47959,Kaden Smith,TE,38,-0.221,-0.314,-8.414
42033,Cameron Brate,TE,149,-0.237,-0.431,-35.333
45281,Jacob Hollister,TE,33,-0.247,-0.797,-8.164
44959,George Kittle,TE,90,-0.253,-0.804,-22.790
42500,C.J. Uzomah,TE,180,-0.254,-0.736,-45.743
52523,Harrison Bryant,TE,65,-0.256,-0.217,-16.636
53512,Tommy Tremble,TE,88,-0.258,-0.470,-22.682
42547,Darren Waller,TE,187,-0.267,-0.458,-49.873
42486,MyCole Pruitt,TE,57,-0.283,-0.954,-16.137
46226,Tyler Conklin,TE,165,-0.308,-0.753,-50.895
42589,Geoff Swaim,TE,77,-0.321,-0.409,-24.683
40641,Jack Doyle,TE,116,-0.329,-0.828,-38.178
34540,Jared Cook,TE,178,-0.338,-0.445,-60.140
40011,Travis Kelce,TE,256,-0.339,-0.425,-86.726
37118,Kyle Rudolph,TE,99,-0.348,-0.348,-34.501
53433,Kyle Pitts,TE,224,-0.355,-0.521,-79.564
41349,Logan Thomas,TE,81,-0.406,-0.362,-32.855
53484,Pat Freiermuth,TE,111,-0.417,-0.791,-46.236
47791,T.J. Hockenson,TE,253,-0.419,-0.724,-105.926
45094,Johnny Mundt,TE,26,-0.472,-1.031,-12.285
43370,Austin Hooper,TE,109,-0.534,-0.598,-58.188
40615,Demetrius Harris,TE,27,-0.599,-0.740,-16.163
41236,Eric Ebron,TE,105,-0.609,-0.973,-63.899
46118,Dallas Goedert,TE,118,-0.631,-0.775,-74.413
43399,Tyler Higbee,TE,185,-0.640,-0.782,-118.469
35534,Jimmy Graham,TE,34,-0.695,-0.963,-23.622
52598,Charlie Woerner,TE,33,-0.827,-1.070,-27.306
