nflId,displayName,officialPosition,routes,mean_soe,median_soe,std_soe,se_soe,lower_95_soe,upper_95_soe,total_soe
52443,D'Andre Swift,RB,53,1.140,1.135,3.145,0.432,0.293,1.986,60.396
42469,Mike Davis,RB,61,1.176,0.524,3.878,0.497,0.203,2.150,71.765
52442,Michael Pittman,WR,46,0.670,0.490,1.701,0.251,0.178,1.162,30.825
43454,Tyreek Hill,WR,54,0.859,0.181,2.557,0.348,0.177,1.541,46.396
46155,Mark Andrews,TE,45,0.822,0.419,2.458,0.366,0.104,1.540,36.982
44912,Jonnu Smith,TE,30,1.142,0.349,2.979,0.544,0.076,2.208,34.272
47839,Mecole Hardman,WR,47,0.587,0.090,2.036,0.297,0.004,1.169,27.573
53453,Najee Harris,RB,43,0.943,0.855,3.147,0.480,0.003,1.884,40.561
43324,Hunter Henry,TE,59,0.793,-0.145,3.306,0.430,-0.051,1.637,46.794
43415,Demarcus Robinson,WR,47,0.633,-0.221,2.495,0.364,-0.081,1.346,29.728
46522,Byron Pringle,WR,28,0.879,0.327,2.717,0.513,-0.127,1.885,24.617
46256,Ray-Ray McCloud,WR,36,0.508,0.151,2.051,0.342,-0.162,1.178,18.301
41230,Sammy Watkins,WR,26,0.349,0.011,1.349,0.264,-0.169,0.867,9.076
52429,Jalen Reagor,WR,32,0.938,-0.227,3.322,0.587,-0.213,2.088,30.001
46095,Calvin Ridley,WR,73,0.072,-0.037,1.617,0.189,-0.299,0.442,5.221
52584,K.J. Osborn,WR,114,0.022,-0.313,2.083,0.195,-0.361,0.404,2.471
43429,Tajae Sharpe,WR,52,0.125,-0.304,1.843,0.256,-0.376,0.626,6.490
43584,Kalif Raymond,WR,62,0.104,-0.110,2.026,0.257,-0.400,0.609,6.475
52430,Justin Jefferson,WR,138,-0.135,-0.284,1.664,0.142,-0.412,0.143,-18.598
42347,Amari Cooper,WR,37,0.004,-0.263,1.306,0.215,-0.416,0.425,0.158
42589,Geoff Swaim,TE,33,0.285,-0.043,2.106,0.367,-0.433,1.004,9.418
48097,Jakobi Meyers,WR,84,-0.004,-0.161,2.018,0.220,-0.436,0.427,-0.339
37079,Julio Jones,WR,35,0.093,0.003,1.608,0.272,-0.440,0.626,3.249
41238,Odell Beckham,WR,26,0.077,0.364,1.350,0.265,-0.442,0.596,2.002
47859,Terry McLaurin,WR,34,0.114,-0.244,1.654,0.284,-0.442,0.670,3.866
44835,Evan Engram,TE,40,0.318,-0.149,2.514,0.397,-0.461,1.097,12.707
53439,DeVonta Smith,WR,42,0.132,-0.169,1.983,0.306,-0.468,0.732,5.542
47834,A.J. Brown,WR,66,-0.038,0.208,1.796,0.221,-0.472,0.395,-2.518
48374,Olamide Zaccheaus,WR,72,-0.030,-0.194,2.053,0.242,-0.504,0.444,-2.140
52457,Chase Claypool,WR,45,-0.035,-0.403,1.685,0.251,-0.527,0.457,-1.572
46129,James Washington,WR,42,0.146,-0.084,2.244,0.346,-0.533,0.824,6.113
46992,KhaDarel Hodge,WR,54,-0.078,-0.064,1.730,0.235,-0.539,0.384,-4.199
47847,DK Metcalf,WR,26,0.288,0.213,2.171,0.426,-0.546,1.122,7.488
43293,Ezekiel Elliott,RB,30,0.388,0.270,2.678,0.489,-0.570,1.347,11.654
53541,Amon-Ra St. Brown,WR,57,-0.056,-0.466,2.006,0.266,-0.577,0.465,-3.201
53434,Ja'Marr Chase,WR,129,-0.325,-0.350,1.499,0.132,-0.584,-0.066,-41.903
42363,Nelson Agholor,WR,78,-0.122,-0.490,2.130,0.241,-0.595,0.351,-9.510
52441,Tee Higgins,WR,76,-0.294,-0.371,1.353,0.155,-0.598,0.010,-22.324
45481,Ricky Seals-Jones,TE,32,-0.072,-0.276,1.532,0.271,-0.603,0.459,-2.310
42500,C.J. Uzomah,TE,101,-0.156,-0.750,2.401,0.239,-0.624,0.312,-15.761
43556,Chester Rogers,WR,39,0.171,-0.186,2.547,0.408,-0.629,0.970,6.651
52425,CeeDee Lamb,WR,39,-0.170,-0.155,1.462,0.234,-0.629,0.289,-6.629
46094,Hayden Hurst,TE,58,-0.160,-0.267,1.897,0.249,-0.648,0.328,-9.291
45185,Kendrick Bourne,WR,62,-0.125,-0.484,2.148,0.273,-0.660,0.410,-7.765
40488,Adam Thielen,WR,141,-0.401,-0.436,1.808,0.152,-0.699,-0.102,-56.539
43344,Tyler Boyd,WR,122,-0.406,-0.477,1.685,0.153,-0.705,-0.107,-49.501
53433,Kyle Pitts,TE,96,-0.386,-0.693,1.602,0.164,-0.707,-0.066,-37.097
52500,Devin Duvernay,WR,30,0.045,-0.518,2.116,0.386,-0.712,0.802,1.353
44927,Samaje Perine,RB,28,0.606,0.433,3.626,0.685,-0.737,1.949,16.971
47808,Marquise Brown,WR,58,-0.146,-0.263,2.312,0.304,-0.741,0.449,-8.450
45102,Zach Pascal,WR,44,-0.185,-0.146,2.010,0.303,-0.779,0.409,-8.129
39975,Cordarrelle Patterson,RB,48,0.127,-0.578,3.227,0.466,-0.786,1.040,6.094
53511,Dyami Brown,WR,26,0.027,-0.430,2.154,0.423,-0.801,0.855,0.695
44860,Joe Mixon,RB,61,-0.017,-0.307,3.310,0.424,-0.848,0.813,-1.050
39983,Zach Ertz,TE,31,-0.142,-0.480,2.133,0.383,-0.893,0.609,-4.395
44923,Dede Westbrook,WR,25,0.078,-0.633,2.515,0.503,-0.907,1.064,1.961
44853,Dalvin Cook,RB,57,0.053,-0.230,3.888,0.515,-0.956,1.062,3.015
40011,Travis Kelce,TE,62,-0.635,-0.965,1.424,0.181,-0.989,-0.280,-39.351
46226,Tyler Conklin,TE,100,-0.544,-1.040,2.605,0.261,-1.055,-0.033,-54.403
47835,Drew Sample,TE,25,-0.114,-0.123,2.482,0.496,-1.086,0.859,-2.841
46263,Russell Gage,WR,29,-0.540,-0.730,1.729,0.321,-1.169,0.089,-15.655
43808,Robby Anderson,WR,34,-0.201,-0.849,2.999,0.514,-1.209,0.807,-6.839
46277,Cedrick Wilson,WR,29,-0.666,-0.995,1.525,0.283,-1.221,-0.111,-19.317
47791,T.J. Hockenson,TE,62,-0.800,-0.890,1.730,0.220,-1.230,-0.369,-49.576
46206,Dalton Schultz,TE,33,-0.604,-1.068,1.888,0.329,-1.248,0.040,-19.934
42412,Tyler Lockett,WR,26,-0.169,-0.199,2.832,0.555,-1.257,0.920,-4.386
41236,Eric Ebron,TE,33,-0.686,-1.108,1.905,0.332,-1.336,-0.036,-22.636
46526,Darrel Williams,RB,33,-0.419,-0.587,2.772,0.483,-1.365,0.527,-13.838
43334,Derrick Henry,RB,32,-0.184,-1.218,3.615,0.639,-1.437,1.068,-5.895
46093,D.J. Moore,WR,34,-0.844,-1.228,2.087,0.358,-1.545,-0.142,-28.683
52573,Collin Johnson,WR,25,-0.882,-0.670,1.730,0.346,-1.560,-0.204,-22.053
47885,Alexander Mattison,RB,28,-0.629,-1.321,3.574,0.675,-1.953,0.695,-17.609
52449,Jonathan Taylor,RB,25,-1.090,-1.036,3.292,0.658,-2.381,0.200,-27.259
