nflId,displayName,officialPosition,routes,mean_soe,median_soe,std_soe,se_soe,lower_95_soe,upper_95_soe,total_soe
52442,Michael Pittman,WR,25,1.435,0.893,2.747,0.549,0.358,2.512,35.880
41246,Brandin Cooks,WR,29,0.511,0.334,1.912,0.355,-0.185,1.207,14.813
48374,Olamide Zaccheaus,WR,27,0.543,0.149,1.969,0.379,-0.199,1.286,14.667
40024,Keenan Allen,WR,36,0.229,0.178,1.406,0.234,-0.231,0.688,8.229
47803,Noah Fant,TE,29,0.494,0.002,2.063,0.383,-0.257,1.245,14.331
45102,Zach Pascal,WR,33,0.506,0.208,2.282,0.397,-0.273,1.285,16.703
42347,Amari Cooper,WR,33,0.345,0.347,1.863,0.324,-0.290,0.981,11.394
52429,Jalen Reagor,WR,25,0.715,0.469,2.573,0.515,-0.294,1.724,17.872
41233,Mike Evans,WR,42,0.143,-0.013,1.512,0.233,-0.314,0.600,6.008
46116,Christian Kirk,WR,34,0.340,0.544,1.963,0.337,-0.320,1.000,11.562
39989,Robert Woods,WR,25,0.250,0.131,1.489,0.298,-0.334,0.833,6.239
43808,Robby Anderson,WR,39,0.113,0.078,1.525,0.244,-0.366,0.591,4.399
43454,Tyreek Hill,WR,42,0.073,-0.158,1.529,0.236,-0.390,0.535,3.053
52430,Justin Jefferson,WR,28,0.238,0.142,1.710,0.323,-0.396,0.871,6.651
46206,Dalton Schultz,TE,25,0.283,-0.279,1.795,0.359,-0.421,0.987,7.074
47859,Terry McLaurin,WR,42,0.094,0.072,1.814,0.280,-0.455,0.642,3.929
47849,Diontae Johnson,WR,28,0.234,0.083,1.864,0.352,-0.456,0.924,6.551
43415,Demarcus Robinson,WR,34,0.167,-0.133,1.869,0.320,-0.461,0.795,5.680
52489,Bryan Edwards,WR,38,0.003,-0.120,1.516,0.246,-0.479,0.484,0.097
42363,Nelson Agholor,WR,34,0.047,-0.307,1.614,0.277,-0.496,0.589,1.591
48097,Jakobi Meyers,WR,47,0.019,0.147,1.855,0.271,-0.511,0.549,0.893
42547,Darren Waller,TE,37,0.068,-0.160,1.801,0.296,-0.513,0.648,2.502
46095,Calvin Ridley,WR,27,0.253,-0.048,2.074,0.399,-0.529,1.035,6.839
53439,DeVonta Smith,WR,25,0.269,-0.057,2.055,0.411,-0.537,1.074,6.715
39973,DeAndre Hopkins,WR,25,0.039,-0.207,1.501,0.300,-0.549,0.627,0.972
47932,Hunter Renfrow,WR,33,0.213,-0.136,2.250,0.392,-0.554,0.981,7.040
38696,Marvin Jones,WR,30,0.092,-0.166,1.836,0.335,-0.566,0.749,2.748
53435,Jaylen Waddle,WR,35,-0.010,-0.276,1.723,0.291,-0.580,0.561,-0.333
45481,Ricky Seals-Jones,TE,31,0.041,-0.017,1.770,0.318,-0.582,0.664,1.256
44896,Chris Godwin,WR,38,-0.143,-0.246,1.387,0.225,-0.584,0.298,-5.418
47808,Marquise Brown,WR,30,0.113,0.036,1.965,0.359,-0.590,0.816,3.386
42489,Stefon Diggs,WR,30,0.051,0.207,1.823,0.333,-0.601,0.703,1.526
46109,Courtland Sutton,WR,33,-0.127,-0.208,1.416,0.247,-0.611,0.356,-4.206
47839,Mecole Hardman,WR,28,0.283,-0.235,2.445,0.462,-0.623,1.189,7.917
43722,J.D. McKissic,RB,25,0.531,0.567,3.023,0.605,-0.654,1.717,13.287
47834,A.J. Brown,WR,25,-0.209,-0.185,1.206,0.241,-0.682,0.264,-5.232
53434,Ja'Marr Chase,WR,31,-0.209,-0.161,1.372,0.246,-0.692,0.275,-6.464
45267,Tim Patrick,WR,31,-0.144,-0.261,1.563,0.281,-0.694,0.406,-4.466
35521,Emmanuel Sanders,WR,32,-0.131,-0.328,1.666,0.295,-0.708,0.446,-4.194
43556,Chester Rogers,WR,26,0.265,-0.140,2.564,0.503,-0.721,1.250,6.884
52425,CeeDee Lamb,WR,37,-0.200,-0.306,1.649,0.271,-0.731,0.332,-7.386
38947,Cole Beasley,WR,29,-0.168,-0.104,1.549,0.288,-0.732,0.395,-4.881
47847,DK Metcalf,WR,32,-0.163,-0.165,1.683,0.297,-0.747,0.420,-5.230
43344,Tyler Boyd,WR,33,-0.263,-0.218,1.503,0.262,-0.776,0.250,-8.685
46226,Tyler Conklin,TE,26,0.281,-0.691,2.767,0.543,-0.782,1.345,7.319
37077,A.J. Green,WR,27,-0.056,-0.351,1.938,0.373,-0.787,0.675,-1.507
46111,Mike Gesicki,TE,29,-0.053,-0.054,2.030,0.377,-0.792,0.686,-1.531
43399,Tyler Higbee,TE,29,0.002,-0.331,2.323,0.431,-0.843,0.848,0.066
40011,Travis Kelce,TE,40,-0.245,-0.400,1.932,0.306,-0.844,0.353,-9.818
43584,Kalif Raymond,WR,35,-0.141,-0.237,2.163,0.366,-0.858,0.575,-4.949
43010,Adam Humphries,WR,34,-0.076,-0.406,2.363,0.405,-0.871,0.718,-2.595
47791,T.J. Hockenson,TE,46,-0.260,-0.871,2.172,0.320,-0.887,0.368,-11.943
44816,Leonard Fournette,RB,25,-0.029,0.106,2.277,0.455,-0.921,0.864,-0.716
40488,Adam Thielen,WR,43,-0.273,-0.529,2.191,0.334,-0.928,0.382,-11.740
53453,Najee Harris,RB,30,0.292,-0.118,3.434,0.627,-0.937,1.521,8.749
52465,Van Jefferson,WR,36,-0.388,-0.819,1.736,0.289,-0.956,0.179,-13.985
46093,D.J. Moore,WR,29,-0.247,-0.334,1.985,0.369,-0.970,0.476,-7.163
41290,Allen Robinson,WR,37,-0.387,-0.340,1.838,0.302,-0.979,0.206,-14.302
44881,Cooper Kupp,WR,30,-0.226,-0.134,2.255,0.412,-1.033,0.581,-6.773
52443,D'Andre Swift,RB,26,0.055,-0.021,2.913,0.571,-1.064,1.175,1.441
44819,Mike Williams,WR,27,-0.484,-0.472,1.621,0.312,-1.095,0.128,-13.058
46155,Mark Andrews,TE,27,-0.504,-0.823,1.723,0.332,-1.154,0.145,-13.618
47853,Darrell Henderson,RB,25,0.109,-1.069,3.640,0.728,-1.318,1.536,2.720
46705,Allen Lazard,WR,26,-0.826,-0.802,1.816,0.356,-1.524,-0.127,-21.463
52581,Darnell Mooney,WR,35,-1.017,-0.961,2.310,0.391,-1.782,-0.251,-35.578
