target,model,decile,routes,mean_predicted,mean_actual,mean_residual
endpoint_nearest,ridge_dynamic_context,1,2041,-5.88928546,-5.79160461,0.09768085
endpoint_nearest,ridge_dynamic_context,2,2042,-4.51531406,-4.52534231,-0.01002825
endpoint_nearest,ridge_dynamic_context,3,2041,-3.70835579,-3.75067712,-0.04232133
endpoint_nearest,ridge_dynamic_context,4,2042,-3.00600099,-3.08069197,-0.07469098
endpoint_nearest,ridge_dynamic_context,5,2041,-2.38998221,-2.38106859,0.00891362
endpoint_nearest,ridge_dynamic_context,6,2042,-1.81055820,-1.75415083,0.05640736
endpoint_nearest,ridge_dynamic_context,7,2041,-1.29721642,-1.25530328,0.04191314
endpoint_nearest,ridge_dynamic_context,8,2042,-0.83785499,-0.91140842,-0.07355343
endpoint_nearest,ridge_dynamic_context,9,2041,-0.37460522,-0.42246693,-0.04786171
endpoint_nearest,ridge_dynamic_context,10,2042,0.41313399,0.46628795,0.05315397
endpoint_nearest,extra_trees,1,2041,-5.81872041,-5.98714111,-0.16842070
endpoint_nearest,extra_trees,2,2042,-4.45436756,-4.50521499,-0.05084743
endpoint_nearest,extra_trees,3,2041,-3.71414271,-3.69271632,0.02142640
endpoint_nearest,extra_trees,4,2042,-3.06305272,-2.94867532,0.11437740
endpoint_nearest,extra_trees,5,2041,-2.40633981,-2.38831210,0.01802770
endpoint_nearest,extra_trees,6,2042,-1.79469305,-1.83534819,-0.04065514
endpoint_nearest,extra_trees,7,2041,-1.26882304,-1.29322636,-0.02440332
endpoint_nearest,extra_trees,8,2042,-0.86382403,-0.90418903,-0.04036500
endpoint_nearest,extra_trees,9,2041,-0.45482462,-0.47727193,-0.02244731
endpoint_nearest,extra_trees,10,2042,0.44269923,0.62555289,0.18285365
endpoint_nearest,hist_gradient_boosting,1,2041,-5.97283517,-6.02925478,-0.05641961
endpoint_nearest,hist_gradient_boosting,2,2042,-4.50961497,-4.53175269,-0.02213773
endpoint_nearest,hist_gradient_boosting,3,2041,-3.71409750,-3.72815826,-0.01406076
endpoint_nearest,hist_gradient_boosting,4,2042,-3.03319794,-3.02556366,0.00763427
endpoint_nearest,hist_gradient_boosting,5,2041,-2.37631768,-2.33658746,0.03973022
endpoint_nearest,hist_gradient_boosting,6,2042,-1.77337046,-1.77080803,0.00256243
endpoint_nearest,hist_gradient_boosting,7,2041,-1.29104417,-1.26368300,0.02736117
endpoint_nearest,hist_gradient_boosting,8,2042,-0.87136626,-0.95982762,-0.08846136
endpoint_nearest,hist_gradient_boosting,9,2041,-0.43569087,-0.42274620,0.01294466
endpoint_nearest,hist_gradient_boosting,10,2042,0.56691009,0.66186778,0.09495768
snap_anchor,ridge_dynamic_context,1,2041,-5.43402477,-4.20321901,1.23080576
snap_anchor,ridge_dynamic_context,2,2042,-3.15802681,-2.88077620,0.27725061
snap_anchor,ridge_dynamic_context,3,2041,-1.95484490,-1.92934346,0.02550144
snap_anchor,ridge_dynamic_context,4,2042,-1.08370418,-1.30219882,-0.21849465
snap_anchor,ridge_dynamic_context,5,2041,-0.32244322,-0.69731357,-0.37487035
snap_anchor,ridge_dynamic_context,6,2042,0.44694558,-0.14492262,-0.59186821
snap_anchor,ridge_dynamic_context,7,2041,1.31085130,0.69001617,-0.62083513
snap_anchor,ridge_dynamic_context,8,2042,2.38971206,1.62907542,-0.76063665
snap_anchor,ridge_dynamic_context,9,2041,4.02297689,4.06596717,0.04299028
snap_anchor,ridge_dynamic_context,10,2042,8.53478163,9.55648727,1.02170563
snap_anchor,extra_trees,1,2041,-4.28410029,-4.72247575,-0.43837546
snap_anchor,extra_trees,2,2042,-2.80948477,-3.01856611,-0.20908134
snap_anchor,extra_trees,3,2041,-1.81512256,-2.11149094,-0.29636837
snap_anchor,extra_trees,4,2042,-1.00478652,-1.24435015,-0.23956363
snap_anchor,extra_trees,5,2041,-0.48845056,-0.75919843,-0.27074787
snap_anchor,extra_trees,6,2042,0.02383093,-0.37874437,-0.40257530
snap_anchor,extra_trees,7,2041,0.77041963,0.45650563,-0.31391400
snap_anchor,extra_trees,8,2042,1.96572147,1.84412390,-0.12159757
snap_anchor,extra_trees,9,2041,3.82710804,4.38101029,0.55390225
snap_anchor,extra_trees,10,2042,8.45387583,10.33662439,1.88274855
snap_anchor,hist_gradient_boosting,1,2041,-4.53882936,-4.70620529,-0.16737593
snap_anchor,hist_gradient_boosting,2,2042,-3.17104410,-3.12106464,0.04997946
snap_anchor,hist_gradient_boosting,3,2041,-2.08178509,-2.06632680,0.01545829
snap_anchor,hist_gradient_boosting,4,2042,-1.32584765,-1.45876885,-0.13292120
snap_anchor,hist_gradient_boosting,5,2041,-0.78513768,-0.80800980,-0.02287212
snap_anchor,hist_gradient_boosting,6,2042,-0.22187626,-0.42019687,-0.19832061
snap_anchor,hist_gradient_boosting,7,2041,0.54360209,0.51171828,-0.03188381
snap_anchor,hist_gradient_boosting,8,2042,1.79537885,1.85064594,0.05526709
snap_anchor,hist_gradient_boosting,9,2041,4.09203473,4.25890887,0.16687414
snap_anchor,hist_gradient_boosting,10,2042,10.44314914,10.74271107,0.29956193
snap_top3,ridge_dynamic_context,1,2041,-5.91145999,-5.53078246,0.38067753
snap_top3,ridge_dynamic_context,2,2042,-4.32919041,-4.33764006,-0.00844965
snap_top3,ridge_dynamic_context,3,2041,-3.37829110,-3.52416463,-0.14587353
snap_top3,ridge_dynamic_context,4,2042,-2.59443338,-2.76454946,-0.17011608
snap_top3,ridge_dynamic_context,5,2041,-1.96987318,-1.99043116,-0.02055799
snap_top3,ridge_dynamic_context,6,2042,-1.44049339,-1.41594025,0.02455313
snap_top3,ridge_dynamic_context,7,2041,-0.95131293,-0.99888682,-0.04757389
snap_top3,ridge_dynamic_context,8,2042,-0.41737792,-0.63389275,-0.21651483
snap_top3,ridge_dynamic_context,9,2041,0.22803349,0.02800735,-0.20002614
snap_top3,ridge_dynamic_context,10,2042,1.76639027,2.16550343,0.39911315
snap_top3,extra_trees,1,2041,-5.57072132,-5.78520088,-0.21447956
snap_top3,extra_trees,2,2042,-4.21769366,-4.31727767,-0.09958401
snap_top3,extra_trees,3,2041,-3.46106753,-3.42625821,0.03480932
snap_top3,extra_trees,4,2042,-2.75760795,-2.77963418,-0.02202623
snap_top3,extra_trees,5,2041,-2.01467294,-2.01424645,0.00042649
snap_top3,extra_trees,6,2042,-1.37227107,-1.42557786,-0.05330680
snap_top3,extra_trees,7,2041,-0.94128666,-1.02657227,-0.08528561
snap_top3,extra_trees,8,2042,-0.55909028,-0.57978061,-0.02069032
snap_top3,extra_trees,9,2041,-0.00753721,-0.03300196,-0.02546475
snap_top3,extra_trees,10,2042,1.91781542,2.38464153,0.46682611
snap_top3,hist_gradient_boosting,1,2041,-5.68906160,-5.80724155,-0.11817995
snap_top3,hist_gradient_boosting,2,2042,-4.31882920,-4.32602742,-0.00719823
snap_top3,hist_gradient_boosting,3,2041,-3.51462844,-3.46501764,0.04961080
snap_top3,hist_gradient_boosting,4,2042,-2.79318690,-2.77467630,0.01851061
snap_top3,hist_gradient_boosting,5,2041,-2.10083630,-2.09556541,0.00527089
snap_top3,hist_gradient_boosting,6,2042,-1.48244966,-1.43619882,0.04625084
snap_top3,hist_gradient_boosting,7,2041,-1.02071238,-1.00338756,0.01732482
snap_top3,hist_gradient_boosting,8,2042,-0.58203598,-0.57065867,0.01137731
snap_top3,hist_gradient_boosting,9,2041,-0.01427490,-0.01462665,-0.00035176
snap_top3,hist_gradient_boosting,10,2042,2.52510889,2.49044221,-0.03466668
