target,fold,model,routes,mae,rmse,r2,bias,mean_actual,mean_predicted,n,calibration_slope,calibration_intercept,mean_absolute_decile_bias
endpoint_nearest,1,ridge_dynamic_context,4972,1.335,1.826,0.511,0.011,-2.276,-2.287,4972,1.00615759,0.02545321,0.06826162
endpoint_nearest,1,extra_trees,4972,1.278,1.773,0.539,-0.001,-2.276,-2.274,4972,1.04329907,0.09703715,0.12992512
endpoint_nearest,1,hist_gradient_boosting,4972,1.245,1.728,0.563,0.013,-2.276,-2.289,4972,1.02548963,0.07182952,0.07750562
endpoint_nearest,2,ridge_dynamic_context,3942,1.377,1.875,0.519,-0.084,-2.583,-2.499,3942,0.97161454,-0.15483508,0.12051311
endpoint_nearest,2,extra_trees,3942,1.328,1.836,0.539,-0.098,-2.583,-2.484,3942,1.00732751,-0.07996331,0.09815949
endpoint_nearest,2,hist_gradient_boosting,3942,1.291,1.796,0.559,-0.061,-2.583,-2.522,3942,0.97991491,-0.11154424,0.09695371
endpoint_nearest,3,ridge_dynamic_context,4066,1.333,1.831,0.534,-0.037,-2.387,-2.350,4066,1.02903720,0.03118908,0.05157955
endpoint_nearest,3,extra_trees,4066,1.280,1.793,0.553,-0.031,-2.387,-2.356,4066,1.06478816,0.12120798,0.09833873
endpoint_nearest,3,hist_gradient_boosting,4066,1.266,1.783,0.558,-0.034,-2.387,-2.353,4066,1.03441845,0.04660824,0.09333056
endpoint_nearest,4,ridge_dynamic_context,3589,1.410,1.953,0.462,0.121,-2.162,-2.283,3589,0.97792514,0.07077935,0.12829796
endpoint_nearest,4,extra_trees,3589,1.356,1.914,0.483,0.117,-2.162,-2.279,3589,0.99569303,0.10716022,0.12794860
endpoint_nearest,4,hist_gradient_boosting,3589,1.328,1.883,0.500,0.083,-2.162,-2.245,3589,1.00737813,0.09987892,0.11014397
endpoint_nearest,5,ridge_dynamic_context,3846,1.374,1.877,0.500,0.002,-2.294,-2.296,3846,0.99246377,-0.01482292,0.08417935
endpoint_nearest,5,extra_trees,3846,1.332,1.840,0.520,0.021,-2.294,-2.315,3846,1.02988774,0.09020930,0.10705858
endpoint_nearest,5,hist_gradient_boosting,3846,1.306,1.803,0.539,0.006,-2.294,-2.300,3846,1.01166630,0.03258864,0.08802044
snap_anchor,1,ridge_dynamic_context,4972,3.138,4.478,0.408,-0.071,0.417,0.487,4972,0.98935779,-0.06544904,0.50716018
snap_anchor,1,extra_trees,4972,2.812,4.170,0.486,-0.117,0.417,0.533,4972,1.16934856,-0.20724752,0.48867634
snap_anchor,1,hist_gradient_boosting,4972,2.650,3.977,0.533,-0.118,0.417,0.534,4972,1.02123738,-0.12927156,0.14858450
snap_anchor,2,ridge_dynamic_context,3942,3.265,4.738,0.439,-0.004,0.303,0.307,3942,1.05130387,-0.02023677,0.69518753
snap_anchor,2,extra_trees,3942,2.953,4.463,0.502,0.052,0.303,0.251,3942,1.27596121,-0.01739298,0.66730601
snap_anchor,2,hist_gradient_boosting,3942,2.776,4.186,0.562,0.067,0.303,0.235,3942,1.10429744,0.04287329,0.28092748
snap_anchor,3,ridge_dynamic_context,4066,3.184,4.502,0.406,-0.018,0.400,0.419,4066,0.97708628,-0.00866516,0.57829524
snap_anchor,3,extra_trees,4066,2.818,4.177,0.488,0.034,0.400,0.366,4066,1.16245941,-0.02529610,0.42894752
snap_anchor,3,hist_gradient_boosting,4066,2.717,4.054,0.518,0.020,0.400,0.380,4066,1.02240347,0.01192565,0.15995233
snap_anchor,4,ridge_dynamic_context,3589,3.244,4.606,0.397,0.014,0.670,0.656,3589,0.94145248,0.05268970,0.49526818
snap_anchor,4,extra_trees,3589,2.870,4.271,0.481,0.022,0.670,0.648,3589,1.15303734,-0.07693293,0.48318924
snap_anchor,4,hist_gradient_boosting,3589,2.688,4.049,0.534,-0.000,0.670,0.670,3589,0.98514269,0.00962243,0.15013416
snap_anchor,5,ridge_dynamic_context,3846,3.245,4.657,0.406,0.119,0.643,0.525,3846,0.98883694,0.12436924,0.45879899
snap_anchor,5,extra_trees,3846,2.895,4.336,0.485,0.118,0.643,0.525,3846,1.16190521,0.03297088,0.41363821
snap_anchor,5,hist_gradient_boosting,3846,2.749,4.088,0.542,0.080,0.643,0.563,3846,1.00712700,0.07595970,0.13355118
snap_top3,1,ridge_dynamic_context,4972,1.705,2.521,0.417,-0.021,-1.884,-1.863,4972,0.98934344,-0.04134335,0.19857756
snap_top3,1,extra_trees,4972,1.597,2.397,0.473,-0.052,-1.884,-1.832,4972,1.08222813,0.09850317,0.17951567
snap_top3,1,hist_gradient_boosting,4972,1.561,2.369,0.485,-0.035,-1.884,-1.849,4972,1.00515092,-0.02583585,0.08121174
snap_top3,2,ridge_dynamic_context,3942,1.825,2.782,0.409,-0.063,-2.108,-2.045,3942,0.98371273,-0.09609971,0.26922932
snap_top3,2,extra_trees,3942,1.711,2.682,0.450,-0.079,-2.108,-2.028,3942,1.06822922,0.05916573,0.16720466
snap_top3,2,hist_gradient_boosting,3942,1.660,2.606,0.481,-0.043,-2.108,-2.064,3942,1.00302073,-0.03712123,0.07947563
snap_top3,3,ridge_dynamic_context,4066,1.756,2.706,0.407,-0.000,-1.934,-1.933,4066,1.03118967,0.06007582,0.19261554
snap_top3,3,extra_trees,4066,1.651,2.643,0.435,0.012,-1.934,-1.946,4066,1.10375744,0.21411404,0.16239533
snap_top3,3,hist_gradient_boosting,4066,1.630,2.614,0.447,0.012,-1.934,-1.945,4066,1.01255863,0.03620308,0.10458110
snap_top3,4,ridge_dynamic_context,3589,1.817,2.748,0.359,0.086,-1.701,-1.787,3589,0.95379853,0.00302727,0.19104276
snap_top3,4,extra_trees,3589,1.699,2.662,0.398,0.118,-1.701,-1.819,3589,1.01867727,0.15159920,0.15299203
snap_top3,4,hist_gradient_boosting,3589,1.688,2.639,0.409,0.083,-1.701,-1.784,3589,0.96063901,0.01277739,0.10074307
snap_top3,5,ridge_dynamic_context,3846,1.773,2.670,0.399,0.010,-1.859,-1.869,3846,0.99872756,0.00762145,0.18401561
snap_top3,5,extra_trees,3846,1.669,2.577,0.440,0.016,-1.859,-1.875,3846,1.08212851,0.16997614,0.13054995
snap_top3,5,hist_gradient_boosting,3846,1.640,2.499,0.473,-0.006,-1.859,-1.853,3846,1.02070414,0.03220851,0.05775003
