target,model,mae,rmse,r2,bias,mean_actual,mean_predicted,n,rmse_delta_vs_ridge,rmse_delta_lower_95,rmse_delta_upper_95,calibration_slope,calibration_intercept,mean_absolute_decile_bias,target_sd,normalized_rmse
endpoint_nearest,ridge_dynamic_context,1.363,1.869,0.508,0.001,-2.341,-2.342,20415,0.0,0.0,0.0,0.99715629,-0.00569988,0.05065246,2.664401,0.701471
endpoint_nearest,extra_trees,1.312,1.827,0.530,-0.001,-2.341,-2.340,20415,-0.04195970506766389,-0.0521492684477034,-0.03196104025898472,1.03037913,0.07003533,0.06838241,2.664401,0.685708
endpoint_nearest,hist_gradient_boosting,1.284,1.794,0.547,0.000,-2.341,-2.341,20415,-0.07495509565623348,-0.08743602584438248,-0.0632106659668541,1.01280003,0.03037510,0.03662699,2.664401,0.673322
snap_anchor,ridge_dynamic_context,3.211,4.590,0.412,0.003,0.479,0.475,20415,0.0,0.0,0.0,0.99086127,0.00748583,0.51649587,5.986998,0.766661
snap_anchor,extra_trees,2.866,4.279,0.489,0.014,0.479,0.464,20415,-0.31129066645872516,-0.3523735049514167,-0.2749462423970952,1.18399798,-0.07091195,0.47288743,5.986998,0.714715
snap_anchor,hist_gradient_boosting,2.713,4.067,0.539,0.003,0.479,0.475,20415,-0.5231840645280235,-0.5755640519700087,-0.4772850274611482,1.02800675,-0.00992977,0.11405146,5.986998,0.679305
snap_top3,ridge_dynamic_context,1.771,2.678,0.401,-0.000,-1.900,-1.900,20415,0.0,0.0,0.0,0.99265158,-0.01443494,0.16134559,3.458622,0.774297
snap_top3,extra_trees,1.661,2.584,0.442,-0.002,-1.900,-1.898,20415,-0.0941951563785981,-0.11315782860014068,-0.07617257870988814,1.07281254,0.13635557,0.10228992,3.458622,0.747118
snap_top3,hist_gradient_boosting,1.631,2.538,0.462,-0.001,-1.900,-1.899,20415,-0.1401507077460069,-0.16656865822231914,-0.11353220823673427,1.00199589,0.00258693,0.03087419,3.458622,0.733818
