target,model,min_routes_per_half,metric,median,p10,p90,split_seeds
endpoint_nearest,ridge_dynamic_context,10,pearson,0.25731835,0.14616242,0.34611662,100
endpoint_nearest,ridge_dynamic_context,10,spearman,0.12353038,0.02898812,0.19121245,100
endpoint_nearest,ridge_dynamic_context,10,receivers,135.50000000,129.00000000,140.00000000,100
endpoint_nearest,ridge_dynamic_context,20,pearson,0.36408706,0.15484999,0.45671612,100
endpoint_nearest,ridge_dynamic_context,20,spearman,0.15003619,0.07274079,0.23539358,100
endpoint_nearest,ridge_dynamic_context,20,receivers,112.00000000,106.00000000,118.10000000,100
endpoint_nearest,ridge_dynamic_context,30,pearson,0.41924595,0.13623809,0.53240241,100
endpoint_nearest,ridge_dynamic_context,30,spearman,0.18626594,0.08778348,0.29221988,100
endpoint_nearest,ridge_dynamic_context,30,receivers,89.00000000,82.00000000,95.00000000,100
endpoint_nearest,ridge_dynamic_context,40,pearson,0.29979828,0.16078798,0.58296711,100
endpoint_nearest,ridge_dynamic_context,40,spearman,0.22794976,0.09766461,0.33010306,100
endpoint_nearest,ridge_dynamic_context,40,receivers,74.00000000,66.00000000,80.00000000,100
endpoint_nearest,ridge_dynamic_context,50,pearson,0.29576406,0.16872353,0.39931158,100
endpoint_nearest,ridge_dynamic_context,50,spearman,0.25265247,0.12653619,0.35037244,100
endpoint_nearest,ridge_dynamic_context,50,receivers,57.00000000,51.00000000,64.10000000,100
endpoint_nearest,extra_trees,10,pearson,0.29420662,0.19140677,0.40002039,100
endpoint_nearest,extra_trees,10,spearman,0.17493669,0.08654512,0.24830916,100
endpoint_nearest,extra_trees,10,receivers,135.50000000,129.00000000,140.00000000,100
endpoint_nearest,extra_trees,20,pearson,0.42418018,0.21471495,0.50125818,100
endpoint_nearest,extra_trees,20,spearman,0.22479525,0.13702801,0.30495971,100
endpoint_nearest,extra_trees,20,receivers,112.00000000,106.00000000,118.10000000,100
endpoint_nearest,extra_trees,30,pearson,0.47041590,0.18571492,0.57892877,100
endpoint_nearest,extra_trees,30,spearman,0.25092132,0.16678654,0.35828726,100
endpoint_nearest,extra_trees,30,receivers,89.00000000,82.00000000,95.00000000,100
endpoint_nearest,extra_trees,40,pearson,0.34166805,0.19224182,0.63124436,100
endpoint_nearest,extra_trees,40,spearman,0.28696603,0.16822736,0.38373684,100
endpoint_nearest,extra_trees,40,receivers,74.00000000,66.00000000,80.00000000,100
endpoint_nearest,extra_trees,50,pearson,0.31731911,0.19423110,0.42033588,100
endpoint_nearest,extra_trees,50,spearman,0.28712919,0.16619959,0.40438018,100
endpoint_nearest,extra_trees,50,receivers,57.00000000,51.00000000,64.10000000,100
endpoint_nearest,hist_gradient_boosting,10,pearson,0.30200735,0.20537704,0.40126737,100
endpoint_nearest,hist_gradient_boosting,10,spearman,0.19060833,0.11307751,0.25837410,100
endpoint_nearest,hist_gradient_boosting,10,receivers,135.50000000,129.00000000,140.00000000,100
endpoint_nearest,hist_gradient_boosting,20,pearson,0.41155891,0.18969339,0.49614169,100
endpoint_nearest,hist_gradient_boosting,20,spearman,0.22755795,0.15381681,0.30495998,100
endpoint_nearest,hist_gradient_boosting,20,receivers,112.00000000,106.00000000,118.10000000,100
endpoint_nearest,hist_gradient_boosting,30,pearson,0.46557036,0.18607737,0.57448503,100
endpoint_nearest,hist_gradient_boosting,30,spearman,0.25243569,0.16792461,0.35600977,100
endpoint_nearest,hist_gradient_boosting,30,receivers,89.00000000,82.00000000,95.00000000,100
endpoint_nearest,hist_gradient_boosting,40,pearson,0.33064183,0.19612437,0.61730589,100
endpoint_nearest,hist_gradient_boosting,40,spearman,0.29223298,0.19414065,0.38731890,100
endpoint_nearest,hist_gradient_boosting,40,receivers,74.00000000,66.00000000,80.00000000,100
endpoint_nearest,hist_gradient_boosting,50,pearson,0.31911600,0.19486960,0.40538154,100
endpoint_nearest,hist_gradient_boosting,50,spearman,0.29796026,0.20392070,0.41633840,100
endpoint_nearest,hist_gradient_boosting,50,receivers,57.00000000,51.00000000,64.10000000,100
snap_anchor,ridge_dynamic_context,10,pearson,0.12894392,0.03126493,0.21895296,100
snap_anchor,ridge_dynamic_context,10,spearman,0.07946719,0.00105572,0.16615227,100
snap_anchor,ridge_dynamic_context,10,receivers,135.50000000,129.00000000,140.00000000,100
snap_anchor,ridge_dynamic_context,20,pearson,0.18361345,0.07467032,0.25640680,100
snap_anchor,ridge_dynamic_context,20,spearman,0.10501100,0.02991297,0.18005591,100
snap_anchor,ridge_dynamic_context,20,receivers,112.00000000,106.00000000,118.10000000,100
snap_anchor,ridge_dynamic_context,30,pearson,0.21206255,0.07709726,0.32021656,100
snap_anchor,ridge_dynamic_context,30,spearman,0.13852468,0.05807664,0.21153858,100
snap_anchor,ridge_dynamic_context,30,receivers,89.00000000,82.00000000,95.00000000,100
snap_anchor,ridge_dynamic_context,40,pearson,0.14699144,0.04335294,0.31503041,100
snap_anchor,ridge_dynamic_context,40,spearman,0.12090206,0.03015583,0.22473424,100
snap_anchor,ridge_dynamic_context,40,receivers,74.00000000,66.00000000,80.00000000,100
snap_anchor,ridge_dynamic_context,50,pearson,0.13408448,0.01020370,0.25401540,100
snap_anchor,ridge_dynamic_context,50,spearman,0.12312523,0.00328958,0.22546359,100
snap_anchor,ridge_dynamic_context,50,receivers,57.00000000,51.00000000,64.10000000,100
snap_anchor,extra_trees,10,pearson,0.16526582,0.06056588,0.26525105,100
snap_anchor,extra_trees,10,spearman,0.11081220,0.03232610,0.19492736,100
snap_anchor,extra_trees,10,receivers,135.50000000,129.00000000,140.00000000,100
snap_anchor,extra_trees,20,pearson,0.20220670,0.11140256,0.28352892,100
snap_anchor,extra_trees,20,spearman,0.12364453,0.04511522,0.19757701,100
snap_anchor,extra_trees,20,receivers,112.00000000,106.00000000,118.10000000,100
snap_anchor,extra_trees,30,pearson,0.23574607,0.08818137,0.37494194,100
snap_anchor,extra_trees,30,spearman,0.15383528,0.05852456,0.23220062,100
snap_anchor,extra_trees,30,receivers,89.00000000,82.00000000,95.00000000,100
snap_anchor,extra_trees,40,pearson,0.21828233,0.07107130,0.37377727,100
snap_anchor,extra_trees,40,spearman,0.15656572,0.05135659,0.26097153,100
snap_anchor,extra_trees,40,receivers,74.00000000,66.00000000,80.00000000,100
snap_anchor,extra_trees,50,pearson,0.19553914,0.06710763,0.32928749,100
snap_anchor,extra_trees,50,spearman,0.17839105,0.04133359,0.30809786,100
snap_anchor,extra_trees,50,receivers,57.00000000,51.00000000,64.10000000,100
snap_anchor,hist_gradient_boosting,10,pearson,0.14169603,0.03030442,0.24168468,100
snap_anchor,hist_gradient_boosting,10,spearman,0.12133069,0.02859037,0.21676213,100
snap_anchor,hist_gradient_boosting,10,receivers,135.50000000,129.00000000,140.00000000,100
snap_anchor,hist_gradient_boosting,20,pearson,0.21369376,0.11496342,0.29364444,100
snap_anchor,hist_gradient_boosting,20,spearman,0.15509006,0.06086351,0.22447019,100
snap_anchor,hist_gradient_boosting,20,receivers,112.00000000,106.00000000,118.10000000,100
snap_anchor,hist_gradient_boosting,30,pearson,0.25337135,0.10179270,0.37810215,100
snap_anchor,hist_gradient_boosting,30,spearman,0.16943750,0.07869855,0.26086857,100
snap_anchor,hist_gradient_boosting,30,receivers,89.00000000,82.00000000,95.00000000,100
snap_anchor,hist_gradient_boosting,40,pearson,0.21753148,0.07188177,0.36388385,100
snap_anchor,hist_gradient_boosting,40,spearman,0.18376639,0.06471628,0.26672814,100
snap_anchor,hist_gradient_boosting,40,receivers,74.00000000,66.00000000,80.00000000,100
snap_anchor,hist_gradient_boosting,50,pearson,0.20881019,0.05110439,0.33681795,100
snap_anchor,hist_gradient_boosting,50,spearman,0.19074386,0.05767078,0.31724748,100
snap_anchor,hist_gradient_boosting,50,receivers,57.00000000,51.00000000,64.10000000,100
snap_top3,ridge_dynamic_context,10,pearson,0.29527012,0.11608998,0.39599613,100
snap_top3,ridge_dynamic_context,10,spearman,0.14083053,0.05768193,0.22587712,100
snap_top3,ridge_dynamic_context,10,receivers,135.50000000,129.00000000,140.00000000,100
snap_top3,ridge_dynamic_context,20,pearson,0.38232736,0.18362993,0.48960129,100
snap_top3,ridge_dynamic_context,20,spearman,0.18068823,0.09619061,0.28428683,100
snap_top3,ridge_dynamic_context,20,receivers,112.00000000,106.00000000,118.10000000,100
snap_top3,ridge_dynamic_context,30,pearson,0.41854440,0.15677497,0.55232964,100
snap_top3,ridge_dynamic_context,30,spearman,0.20646238,0.09402007,0.32393426,100
snap_top3,ridge_dynamic_context,30,receivers,89.00000000,82.00000000,95.00000000,100
snap_top3,ridge_dynamic_context,40,pearson,0.29577506,0.16607891,0.57006200,100
snap_top3,ridge_dynamic_context,40,spearman,0.22143841,0.10808753,0.35301392,100
snap_top3,ridge_dynamic_context,40,receivers,74.00000000,66.00000000,80.00000000,100
snap_top3,ridge_dynamic_context,50,pearson,0.29883594,0.15513808,0.43614671,100
snap_top3,ridge_dynamic_context,50,spearman,0.25551227,0.11143873,0.39246124,100
snap_top3,ridge_dynamic_context,50,receivers,57.00000000,51.00000000,64.10000000,100
snap_top3,extra_trees,10,pearson,0.30758997,0.18310005,0.43237285,100
snap_top3,extra_trees,10,spearman,0.20380285,0.11834890,0.27585731,100
snap_top3,extra_trees,10,receivers,135.50000000,129.00000000,140.00000000,100
snap_top3,extra_trees,20,pearson,0.41075098,0.22427027,0.50445264,100
snap_top3,extra_trees,20,spearman,0.24206655,0.16325962,0.32873165,100
snap_top3,extra_trees,20,receivers,112.00000000,106.00000000,118.10000000,100
snap_top3,extra_trees,30,pearson,0.43350190,0.18708878,0.56410178,100
snap_top3,extra_trees,30,spearman,0.25614208,0.16669818,0.36133949,100
snap_top3,extra_trees,30,receivers,89.00000000,82.00000000,95.00000000,100
snap_top3,extra_trees,40,pearson,0.33463788,0.21294392,0.60604141,100
snap_top3,extra_trees,40,spearman,0.27504792,0.17085936,0.38544748,100
snap_top3,extra_trees,40,receivers,74.00000000,66.00000000,80.00000000,100
snap_top3,extra_trees,50,pearson,0.31607138,0.18911796,0.44281615,100
snap_top3,extra_trees,50,spearman,0.30053142,0.15494677,0.43719801,100
snap_top3,extra_trees,50,receivers,57.00000000,51.00000000,64.10000000,100
snap_top3,hist_gradient_boosting,10,pearson,0.27799072,0.12150995,0.37149138,100
snap_top3,hist_gradient_boosting,10,spearman,0.16126068,0.07668305,0.24312284,100
snap_top3,hist_gradient_boosting,10,receivers,135.50000000,129.00000000,140.00000000,100
snap_top3,hist_gradient_boosting,20,pearson,0.37676858,0.19368129,0.47413941,100
snap_top3,hist_gradient_boosting,20,spearman,0.21560595,0.13649610,0.29003586,100
snap_top3,hist_gradient_boosting,20,receivers,112.00000000,106.00000000,118.10000000,100
snap_top3,hist_gradient_boosting,30,pearson,0.40582878,0.16396924,0.55000207,100
snap_top3,hist_gradient_boosting,30,spearman,0.24080097,0.14601728,0.33711522,100
snap_top3,hist_gradient_boosting,30,receivers,89.00000000,82.00000000,95.00000000,100
snap_top3,hist_gradient_boosting,40,pearson,0.30253599,0.18336286,0.57675678,100
snap_top3,hist_gradient_boosting,40,spearman,0.25661659,0.16743822,0.36302492,100
snap_top3,hist_gradient_boosting,40,receivers,74.00000000,66.00000000,80.00000000,100
snap_top3,hist_gradient_boosting,50,pearson,0.29209175,0.16268331,0.41249881,100
snap_top3,hist_gradient_boosting,50,spearman,0.28497141,0.17467165,0.41443701,100
snap_top3,hist_gradient_boosting,50,receivers,57.00000000,51.00000000,64.10000000,100
