nflId,displayName,officialPosition,early_routes,late_routes,early_mean_soe,late_mean_soe,late_minus_early
53478,Rondale Moore,WR,42,55,2.215,1.716,-0.498
43010,Adam Humphries,WR,92,102,0.706,-0.274,-0.980
52622,Freddie Swain,WR,65,82,0.704,0.377,-0.327
46256,Ray-Ray McCloud,WR,36,41,0.635,-0.304,-0.939
42448,Jamison Crowder,WR,20,92,0.551,0.302,-0.249
40026,Marquise Goodwin,WR,37,50,0.473,-0.316,-0.790
52429,Jalen Reagor,WR,83,72,0.416,-0.098,-0.514
41246,Brandin Cooks,WR,95,113,0.408,0.037,-0.371
43454,Tyreek Hill,WR,97,136,0.387,-0.069,-0.455
52442,Michael Pittman,WR,113,105,0.374,0.446,0.072
46522,Byron Pringle,WR,45,75,0.338,0.612,0.274
53463,Elijah Moore,WR,71,54,0.306,0.246,-0.060
52584,K.J. Osborn,WR,112,72,0.302,0.280,-0.022
47932,Hunter Renfrow,WR,108,61,0.294,0.210,-0.084
44881,Cooper Kupp,WR,113,115,0.264,0.363,0.099
43415,Demarcus Robinson,WR,73,128,0.259,0.093,-0.166
47808,Marquise Brown,WR,88,97,0.253,0.107,-0.146
43584,Kalif Raymond,WR,115,118,0.245,-0.179,-0.424
47849,Diontae Johnson,WR,83,81,0.239,-0.012,-0.250
52420,Henry Ruggs,WR,112,67,0.220,-0.043,-0.263
53098,Marquez Callaway,WR,63,78,0.215,-0.099,-0.313
41506,Albert Wilson,WR,50,25,0.207,-0.228,-0.435
45102,Zach Pascal,WR,111,99,0.206,-0.161,-0.367
42437,Ty Montgomery,WR,33,37,0.205,0.798,0.593
53439,DeVonta Smith,WR,108,90,0.177,-0.069,-0.246
43556,Chester Rogers,WR,100,37,0.162,0.050,-0.112
35521,Emmanuel Sanders,WR,125,79,0.135,-0.128,-0.263
47819,Deebo Samuel,WR,104,71,0.135,-0.062,-0.197
46129,James Washington,WR,82,20,0.130,0.665,0.535
46116,Christian Kirk,WR,87,71,0.124,0.013,-0.111
38696,Marvin Jones,WR,119,104,0.114,0.041,-0.073
52450,Laviska Shenault,WR,100,79,0.114,0.601,0.487
40024,Keenan Allen,WR,140,91,0.111,-0.077,-0.188
42412,Tyler Lockett,WR,85,98,0.107,-0.001,-0.109
43429,Tajae Sharpe,WR,39,63,0.092,0.041,-0.050
39989,Robert Woods,WR,98,119,0.090,0.232,0.142
44930,Josh Reynolds,WR,44,20,0.088,-0.069,-0.158
47839,Mecole Hardman,WR,79,122,0.086,0.716,0.630
37077,A.J. Green,WR,95,83,0.083,-0.280,-0.364
42899,Damiere Byrd,WR,46,26,0.078,0.859,0.781
47847,DK Metcalf,WR,87,85,0.073,-0.113,-0.186
52457,Chase Claypool,WR,88,75,0.072,-0.224,-0.296
45267,Tim Patrick,WR,98,129,0.070,0.075,0.005
48097,Jakobi Meyers,WR,142,107,0.067,-0.397,-0.464
46277,Cedrick Wilson,WR,63,84,0.066,-0.318,-0.384
53435,Jaylen Waddle,WR,109,126,0.065,0.051,-0.013
48374,Olamide Zaccheaus,WR,93,50,0.062,-0.240,-0.302
39973,DeAndre Hopkins,WR,106,71,0.060,0.237,0.177
52489,Bryan Edwards,WR,128,65,0.057,0.021,-0.036
46093,D.J. Moore,WR,122,119,0.056,-0.320,-0.376
46095,Calvin Ridley,WR,155,29,0.054,0.899,0.845
41238,Odell Beckham,WR,48,82,0.030,0.033,0.004
41282,Davante Adams,WR,94,71,0.028,0.043,0.015
52581,Darnell Mooney,WR,88,87,0.028,-0.141,-0.170
42419,Chris Conley,WR,76,55,0.013,-0.178,-0.191
43808,Robby Anderson,WR,121,116,0.003,-0.178,-0.181
47834,A.J. Brown,WR,68,94,-0.023,0.046,0.069
45607,Greg Ward,WR,32,28,-0.040,-0.580,-0.539
52465,Van Jefferson,WR,97,98,-0.040,-0.189,-0.149
35634,Antonio Brown,WR,80,47,-0.043,0.482,0.526
53541,Amon-Ra St. Brown,WR,104,108,-0.049,-0.079,-0.030
42347,Amari Cooper,WR,107,109,-0.064,-0.004,0.060
52608,Quez Watkins,WR,69,75,-0.064,-0.207,-0.143
42489,Stefon Diggs,WR,123,77,-0.075,-0.025,0.051
42363,Nelson Agholor,WR,129,85,-0.087,-0.259,-0.172
52433,Brandon Aiyuk,WR,79,62,-0.092,-0.494,-0.402
52430,Justin Jefferson,WR,134,92,-0.094,-0.096,-0.002
48556,Jalen Guyton,WR,112,67,-0.096,-0.323,-0.227
53074,Nick Westbrook-Ikhine,WR,77,31,-0.119,-0.017,0.102
33130,DeSean Jackson,WR,27,21,-0.125,0.190,0.314
45185,Kendrick Bourne,WR,105,68,-0.127,0.448,0.575
43461,Rashard Higgins,WR,47,62,-0.130,0.193,0.322
45555,Keelan Cole,WR,45,63,-0.139,-0.074,0.065
53511,Dyami Brown,WR,81,29,-0.156,-0.157,-0.000
53488,Terrace Marshall,WR,84,32,-0.164,-0.436,-0.272
44817,Corey Davis,WR,108,52,-0.165,0.116,0.281
53518,Nico Collins,WR,23,68,-0.180,-0.222,-0.042
41292,Jarvis Landry,WR,22,39,-0.188,0.047,0.235
48053,Trinity Benson,WR,73,35,-0.203,-0.665,-0.462
52425,CeeDee Lamb,WR,111,112,-0.218,0.091,0.309
46263,Russell Gage,WR,53,42,-0.219,0.077,0.296
38613,Mohamed Sanu,WR,68,44,-0.221,1.076,1.297
46109,Courtland Sutton,WR,105,126,-0.227,-0.073,0.154
37079,Julio Jones,WR,73,29,-0.230,0.216,0.447
52609,James Proche,WR,27,50,-0.230,0.418,0.648
46705,Allen Lazard,WR,66,71,-0.234,-0.289,-0.055
41233,Mike Evans,WR,150,119,-0.237,-0.268,-0.031
53449,Kadarius Toney,WR,63,34,-0.240,-0.368,-0.127
40488,Adam Thielen,WR,134,99,-0.241,-0.362,-0.121
53520,Anthony Schwartz,WR,40,30,-0.241,-0.259,-0.018
42357,DeVante Parker,WR,114,35,-0.241,-0.205,0.037
53506,Josh Palmer,WR,24,29,-0.246,-0.192,0.054
44896,Chris Godwin,WR,158,115,-0.281,-0.799,-0.518
53434,Ja'Marr Chase,WR,91,128,-0.293,-0.244,0.049
47859,Terry McLaurin,WR,113,134,-0.308,-0.141,0.167
52536,Gabe Davis,WR,55,25,-0.309,0.385,0.694
52595,Donovan Peoples-Jones,WR,69,41,-0.325,-0.151,0.174
43329,Sterling Shepard,WR,75,53,-0.327,0.098,0.425
37139,Randall Cobb,WR,41,65,-0.372,0.226,0.598
52569,Tyler Johnson,WR,27,70,-0.423,-0.267,0.156
44819,Mike Williams,WR,130,65,-0.434,-0.248,0.185
38947,Cole Beasley,WR,117,72,-0.461,0.184,0.645
43344,Tyler Boyd,WR,90,116,-0.461,-0.188,0.273
52441,Tee Higgins,WR,42,116,-0.462,-0.291,0.172
52500,Devin Duvernay,WR,59,70,-0.558,0.139,0.697
47954,Darius Slayton,WR,50,44,-0.573,0.106,0.680
41290,Allen Robinson,WR,82,89,-0.613,-0.482,0.131
